228,185,272,272,50,75,64,64,165,82,55,55,1677534404_560691.jpg,0
231,180,265,265,51,78,63,63,163,83,55,55,1677534405_2136164.jpg,0
230,179,267,267,50,77,63,63,162,82,54,54,1677534405_5340188.jpg,0
229,182,267,267,52,76,64,64,164,82,54,54,1677534405_6789498.jpg,0
228,183,268,268,51,74,65,65,165,81,54,54,1677534405_8113058.jpg,0
228,182,265,265,53,75,64,64,163,81,55,55,1677534405_944192.jpg,0
231,182,264,264,50,75,63,63,161,81,54,54,1677534406_0576525.jpg,0
231,182,266,266,50,75,64,64,160,82,54,54,1677534406_163591.jpg,0
228,182,270,270,52,77,63,63,161,84,54,54,1677534406_241906.jpg,0
226,181,270,270,52,77,65,65,164,84,53,53,1677534406_373159.jpg,0
223,185,272,272,50,75,64,64,162,80,55,55,1677534406_5282626.jpg,0
218,188,266,266,45,72,64,64,159,76,54,54,1677534406_7508757.jpg,0
203,193,262,262,41,75,65,65,156,76,56,56,1677534407_167397.jpg,0
193,194,260,260,44,76,63,63,159,75,56,56,1677534407_3128724.jpg,0
189,193,265,265,47,76,64,64,160,74,56,56,1677534407_453918.jpg,0
183,192,268,268,48,78,63,63,160,75,58,58,1677534407_6041377.jpg,0
186,195,260,260,42,76,64,64,152,73,58,58,1677534407_7481043.jpg,0
183,197,254,254,40,75,63,63,148,69,59,59,1677534407_8731632.jpg,0
176,197,252,252,42,75,61,61,146,67,59,59,1677534408_014755.jpg,0
174,195,256,256,43,76,61,61,146,69,59,59,1677534408_1616395.jpg,0
178,194,259,259,44,74,61,61,147,68,59,59,1677534408_2983265.jpg,0
184,194,257,257,49,73,61,61,153,69,59,59,1677534408_430604.jpg,0
185,194,255,255,46,71,62,62,151,70,59,59,1677534408_5759835.jpg,0
192,196,257,257,44,69,62,62,149,71,59,59,1677534408_7320993.jpg,0
199,203,253,253,42,64,63,63,148,68,59,59,1677534408_8712194.jpg,0
202,200,258,258,41,67,62,62,148,72,59,59,1677534408_9718447.jpg,0
207,206,251,251,41,64,63,63,150,70,59,59,1677534409_1039205.jpg,0
209,213,250,250,40,67,60,60,149,71,58,58,1677534409_399419.jpg,0
207,216,247,247,36,64,63,63,147,69,59,59,1677534409_5376997.jpg,0
210,219,244,244,40,63,61,61,148,67,59,59,1677534409_6705172.jpg,0
211,222,240,240,38,60,60,60,145,65,59,59,1677534409_8094218.jpg,0
208,220,245,245,41,59,62,62,147,65,61,61,1677534409_983232.jpg,0
210,219,242,242,39,58,62,62,144,64,61,61,1677534410_112721.jpg,0
208,215,250,250,42,61,63,63,149,67,60,60,1677534410_2530293.jpg,0
212,208,253,253,41,60,64,64,150,67,59,59,1677534410_3735209.jpg,0
216,208,250,250,42,65,63,63,152,72,57,57,1677534410_4926848.jpg,0
215,205,252,252,44,67,64,64,154,75,57,57,1677534410_605334.jpg,0
219,205,253,253,43,66,63,63,152,74,57,57,1677534410_7229679.jpg,0
218,206,254,254,44,65,64,64,153,73,57,57,1677534410_846276.jpg,0
213,195,264,264,44,66,62,62,153,72,58,58,1677534411_0217052.jpg,0
214,192,264,264,48,68,64,64,159,78,56,56,1677534411_165528.jpg,0
215,189,263,263,47,69,65,65,157,79,56,56,1677534411_2887816.jpg,0
215,188,266,266,47,69,65,65,157,80,56,56,1677534411_5074823.jpg,0
217,188,265,265,45,71,63,63,154,80,55,55,1677534412_005093.jpg,0
220,193,260,260,45,68,64,64,153,78,55,55,1677534412_128595.jpg,0
219,193,261,261,48,70,62,62,154,79,55,55,1677534412_274474.jpg,0
218,193,260,260,42,67,64,64,149,77,56,56,1677534412_4309971.jpg,0
220,194,258,258,44,67,64,64,151,76,56,56,1677534412_5415366.jpg,0
220,193,258,258,43,68,64,64,150,77,55,55,1677534412_6733322.jpg,0
217,195,258,258,43,67,64,64,152,77,55,55,1677534412_8054287.jpg,0
215,196,259,259,47,68,63,63,155,77,56,56,1677534412_9596891.jpg,0
216,198,259,259,46,70,61,61,154,78,54,54,1677534413_0872984.jpg,0
218,207,254,254,45,68,62,62,154,76,55,55,1677534413_2349427.jpg,0
225,215,246,246,41,64,62,62,149,72,55,55,1677534413_377386.jpg,0
224,214,248,248,42,62,61,61,147,69,56,56,1677534413_5061312.jpg,0
225,213,249,249,42,63,61,61,149,71,55,55,1677534413_6605816.jpg,0
224,213,250,250,44,64,62,62,152,72,55,55,1677534413_8032036.jpg,0
230,221,238,238,37,58,60,60,147,66,55,55,1677534413_940966.jpg,0
226,217,245,245,45,66,63,63,155,75,55,55,1677534414_1599288.jpg,0
225,206,253,253,41,65,63,63,150,73,57,57,1677534416_0055242.jpg,0
223,206,253,253,44,66,62,62,152,73,57,57,1677534416_1674538.jpg,0
227,204,253,253,46,68,63,63,154,78,55,55,1677534416_321413.jpg,0
232,207,250,250,46,64,62,62,153,74,55,55,1677534416_4695697.jpg,0
236,209,251,251,51,67,62,62,157,77,54,54,1677534416_588998.jpg,0
239,208,251,251,45,64,63,63,149,75,55,55,1677534416_738706.jpg,0
234,205,252,252,46,64,61,61,152,75,53,53,1677534416_879043.jpg,0
227,207,253,253,47,65,62,62,154,76,55,55,1677534417_0229933.jpg,0
224,206,257,257,46,65,63,63,153,76,55,55,1677534417_16785.jpg,0
224,205,255,255,44,63,64,64,151,75,57,57,1677534417_3108306.jpg,0
223,204,258,258,47,66,62,62,156,77,54,54,1677534417_4450638.jpg,0
220,204,258,258,47,66,62,62,154,76,56,56,1677534417_5737245.jpg,0
221,204,257,257,46,65,63,63,153,76,58,58,1677534417_7227688.jpg,0
222,203,257,257,46,67,62,62,154,77,57,57,1677534417_85889.jpg,0
220,201,260,260,45,64,65,65,155,76,56,56,1677534418_0152907.jpg,0
219,197,264,264,47,67,62,62,157,79,56,56,1677534418_1530862.jpg,0
220,199,258,258,46,68,64,64,156,79,57,57,1677534418_2859619.jpg,0
218,196,263,263,48,68,64,64,157,79,57,57,1677534418_4241111.jpg,0
221,196,263,263,46,68,64,64,155,81,56,56,1677534418_5764341.jpg,0
223,206,257,257,47,66,63,63,155,78,56,56,1677534418_7074754.jpg,0
225,213,251,251,45,64,61,61,154,74,56,56,1677534418_8466847.jpg,0
228,218,246,246,42,60,62,62,151,71,56,56,1677534418_9725437.jpg,0
228,215,251,251,45,63,62,62,153,74,56,56,1677534419_120134.jpg,0
226,212,258,258,44,70,62,62,155,81,55,55,1677534419_2503986.jpg,0
228,223,244,244,43,61,62,62,152,72,56,56,1677534419_4104886.jpg,0
226,225,244,244,44,58,62,62,153,68,58,58,1677534419_5507956.jpg,0
229,215,251,251,40,66,63,63,151,78,57,57,1677534419_693598.jpg,0
224,215,252,252,45,65,65,65,156,78,57,57,1677534419_8345215.jpg,0
228,220,245,245,42,63,62,62,152,74,57,57,1677534420_0568354.jpg,0
224,215,248,248,41,62,61,61,150,70,57,57,1677534425_0141914.jpg,0
222,214,249,249,43,62,62,62,152,71,57,57,1677534425_1668272.jpg,0
223,213,250,250,44,64,64,64,154,74,57,57,1677534425_3169885.jpg,0
223,212,251,251,39,63,65,65,150,73,57,57,1677534425_45986.jpg,0
221,213,248,248,42,63,63,63,154,73,56,56,1677534425_6056664.jpg,0
222,213,248,248,43,63,62,62,152,72,57,57,1677534425_7418532.jpg,0
224,215,248,248,40,61,63,63,149,69,57,57,1677534425_874841.jpg,0
219,215,250,250,44,61,62,62,154,70,57,57,1677534426_018207.jpg,0
217,210,255,255,43,63,63,63,153,75,57,57,1677534426_1587267.jpg,0
218,210,255,255,44,63,64,64,154,76,56,56,1677534426_2882624.jpg,0
214,210,254,254,48,62,63,63,157,73,58,58,1677534426_4320807.jpg,0
215,208,255,255,47,63,63,63,157,74,58,58,1677534426_5755613.jpg,0
214,205,258,258,46,64,64,64,155,75,58,58,1677534426_7082386.jpg,0
218,204,253,253,43,63,64,64,151,75,59,59,1677534426_894397.jpg,0
216,202,256,256,48,65,64,64,156,77,59,59,1677534427_0158195.jpg,0
215,203,256,256,47,62,65,65,156,75,57,57,1677534427_1487198.jpg,0
219,200,257,257,44,65,64,64,153,77,57,57,1677534427_3741236.jpg,0
220,207,253,253,43,61,64,64,152,74,58,58,1677534428_9439874.jpg,0
217,205,255,255,45,62,65,65,155,75,58,58,1677534429_103945.jpg,0
220,207,251,251,44,61,65,65,154,75,56,56,1677534429_2482977.jpg,0
216,203,262,262,50,69,61,61,158,81,58,58,1677534429_3828943.jpg,0
225,210,257,257,44,64,63,63,155,78,55,55,1677534429_5192103.jpg,0
224,214,252,252,44,61,62,62,152,73,57,57,1677534429_6189148.jpg,0
228,220,246,246,43,58,60,60,151,70,56,56,1677534429_758768.jpg,0
227,214,253,253,46,61,62,62,154,75,57,57,1677534429_9230492.jpg,0
230,212,255,255,43,62,63,63,152,77,55,55,1677534430_0569363.jpg,0
229,213,253,253,45,64,63,63,153,79,57,57,1677534430_1916032.jpg,0
231,216,249,249,41,58,63,63,149,71,57,57,1677534430_3237414.jpg,0
227,212,253,253,45,62,63,63,154,76,57,57,1677534430_4705517.jpg,0
230,216,249,249,40,58,64,64,149,72,57,57,1677534430_685886.jpg,0
225,215,250,250,43,59,64,64,152,73,56,56,1677534432_1455758.jpg,0
228,219,247,247,40,55,64,64,150,69,57,57,1677534432_3062901.jpg,0
223,213,254,254,47,62,63,63,156,76,55,55,1677534432_4619386.jpg,0
224,212,254,254,45,61,64,64,155,75,56,56,1677534432_6872432.jpg,0
222,208,256,256,46,62,64,64,157,77,56,56,1677534434_4478645.jpg,0
222,199,264,264,49,66,63,63,156,81,55,55,1677534435_0570614.jpg,0
221,199,261,261,47,66,65,65,154,81,56,56,1677534435_6635156.jpg,0
198,197,259,259,46,77,54,54,141,72,63,63,1677534438_2902417.jpg,1
195,197,260,260,48,75,55,55,144,71,62,62,1677534438_434162.jpg,1
198,197,260,260,46,75,55,55,140,70,63,63,1677534438_5746589.jpg,1
199,197,260,260,47,75,55,55,143,73,61,61,1677534438_7212188.jpg,1
201,203,256,256,44,72,55,55,140,70,61,61,1677534438_8495674.jpg,1
203,203,256,256,45,72,54,54,139,70,61,61,1677534438_9739547.jpg,1
205,208,252,252,47,69,55,55,141,68,61,61,1677534439_1059499.jpg,1
210,213,242,242,39,64,55,55,134,62,61,61,1677534439_2351627.jpg,1
207,209,246,246,43,68,54,54,137,68,59,59,1677534439_3580282.jpg,1
208,208,250,250,44,69,54,54,136,67,61,61,1677534439_5058372.jpg,1
207,204,256,256,41,70,54,54,135,69,60,60,1677534439_6353796.jpg,1
208,206,253,253,45,71,53,53,138,69,61,61,1677534439_7847357.jpg,1
205,206,255,255,46,71,55,55,140,69,61,61,1677534439_9174187.jpg,1
207,209,244,244,44,70,53,53,137,68,61,61,1677534440_0511065.jpg,1
203,206,250,250,45,67,54,54,139,64,62,62,1677534440_1762235.jpg,1
204,200,255,255,45,70,54,54,138,68,61,61,1677534440_3236454.jpg,1
202,201,255,255,46,72,53,53,138,69,59,59,1677534440_4750323.jpg,1
202,201,251,251,46,71,54,54,138,68,59,59,1677534440_6087189.jpg,1
204,201,250,250,47,72,52,52,137,68,58,58,1677534440_7393339.jpg,1
207,207,242,242,44,67,52,52,133,64,58,58,1677534440_8652768.jpg,1
205,209,246,246,47,69,51,51,133,66,57,57,1677534441_0070405.jpg,1
208,211,246,246,44,69,50,50,132,68,58,58,1677534441_154259.jpg,1
209,215,242,242,44,67,50,50,130,65,59,59,1677534441_2944891.jpg,1
213,221,237,237,42,63,50,50,131,63,57,57,1677534441_4248435.jpg,1
214,224,237,237,40,61,51,51,130,61,57,57,1677534441_5713918.jpg,1
214,231,236,236,41,63,52,52,131,64,57,57,1677534441_7058215.jpg,1
215,231,235,235,39,58,50,50,130,59,58,58,1677534441_8402987.jpg,1
218,230,236,236,38,61,52,52,131,64,59,59,1677534441_9746332.jpg,1
216,229,238,238,41,60,51,51,134,63,58,58,1677534442_136864.jpg,1
216,228,238,238,43,62,50,50,135,64,59,59,1677534442_2781436.jpg,1
215,234,237,237,41,57,51,51,134,59,59,59,1677534442_4268432.jpg,1
215,230,238,238,40,60,51,51,132,61,59,59,1677534442_5680766.jpg,1
214,230,238,238,40,59,50,50,131,60,60,60,1677534442_7101357.jpg,1
217,232,237,237,40,60,50,50,131,61,60,60,1677534442_8584414.jpg,1
214,232,237,237,38,58,51,51,131,60,60,60,1677534442_990358.jpg,1
214,229,239,239,42,64,52,52,134,66,59,59,1677534443_1274374.jpg,1
215,233,234,234,40,60,52,52,131,61,61,61,1677534443_2689142.jpg,1
214,231,238,238,39,59,49,49,131,59,61,61,1677534443_4104261.jpg,1
214,232,235,235,39,59,49,49,129,59,61,61,1677534443_5586655.jpg,1
214,229,241,241,41,58,51,51,132,59,61,61,1677534443_7007744.jpg,1
222,240,229,229,38,61,50,50,130,62,61,61,1677534443_8559134.jpg,1
218,237,231,231,35,58,50,50,128,60,61,61,1677534443_997675.jpg,1
220,244,228,228,34,52,51,51,128,54,61,61,1677534444_1426024.jpg,1
219,243,232,232,35,49,50,50,129,52,60,60,1677534444_2944393.jpg,1
218,237,234,234,37,59,51,51,131,62,61,61,1677534444_4308279.jpg,1
219,240,234,234,37,57,51,51,131,59,60,60,1677534444_5770376.jpg,1
217,244,229,229,41,66,51,51,134,66,63,63,1677534444_7259007.jpg,1
215,240,233,233,38,56,52,52,130,57,62,62,1677534444_8597326.jpg,1
214,235,236,236,39,62,50,50,130,62,63,63,1677534444_9794235.jpg,1
214,235,236,236,39,61,51,51,131,62,62,62,1677534445_116212.jpg,1
210,230,239,239,43,66,49,49,134,66,62,62,1677534445_27035.jpg,1
212,235,234,234,40,61,50,50,133,62,61,61,1677534445_406689.jpg,1
213,236,233,233,39,59,51,51,131,60,61,61,1677534445_6320415.jpg,1
214,233,233,233,37,59,52,52,130,61,60,60,1677534447_2415738.jpg,1
214,235,234,234,37,55,51,51,129,56,61,61,1677534447_3808417.jpg,1
212,229,234,234,38,58,51,51,129,61,60,60,1677534447_5351958.jpg,1
213,225,243,243,37,55,51,51,127,58,59,59,1677534447_6488354.jpg,1
210,226,239,239,40,60,50,50,129,61,59,59,1677534447_7762227.jpg,1
212,224,234,234,38,59,51,51,127,61,59,59,1677534447_9089289.jpg,1
208,223,237,237,42,60,50,50,130,61,58,58,1677534448_0231845.jpg,1
210,223,235,235,40,60,50,50,129,61,60,60,1677534448_1151445.jpg,1
204,211,244,244,42,59,51,51,130,60,58,58,1677534448_2251446.jpg,1
208,212,239,239,43,65,51,51,131,66,57,57,1677534448_3342893.jpg,1
208,209,242,242,43,65,51,51,132,67,57,57,1677534448_4493785.jpg,1
208,207,244,244,46,67,52,52,133,69,56,56,1677534448_576094.jpg,1
208,208,243,243,45,65,52,52,134,66,57,57,1677534448_7078056.jpg,1
209,205,245,245,45,67,52,52,135,68,58,58,1677534448_8257947.jpg,1
208,200,248,248,47,68,53,53,138,69,57,57,1677534448_9594767.jpg,1
210,199,250,250,51,70,51,51,141,71,58,58,1677534449_0914803.jpg,1
214,198,249,249,47,70,53,53,142,73,57,57,1677534449_2318091.jpg,1
216,195,251,251,46,69,52,52,139,71,58,58,1677534449_3608096.jpg,1
218,195,250,250,48,69,54,54,143,73,59,59,1677534449_4857185.jpg,1
216,195,258,258,49,69,53,53,144,73,58,58,1677534449_6619773.jpg,1
216,199,253,253,48,67,55,55,143,72,58,58,1677534449_7993166.jpg,1
213,197,261,261,49,70,54,54,144,75,60,60,1677534449_9390483.jpg,1
214,209,252,252,47,65,52,52,142,68,62,62,1677534450_095131.jpg,1
215,212,249,249,44,64,55,55,142,69,60,60,1677534450_2159872.jpg,1
216,219,245,245,41,62,53,53,140,68,61,61,1677534450_348889.jpg,1
218,224,245,245,38,48,54,54,138,54,61,61,1677534450_4647937.jpg,1
219,234,236,236,36,51,53,53,135,54,63,63,1677534450_6734965.jpg,1
219,230,235,235,36,54,53,53,134,58,63,63,1677534450_7662845.jpg,1
219,226,236,236,40,58,54,54,137,61,62,62,1677534450_8662016.jpg,1
216,218,242,242,42,61,53,53,135,62,63,63,1677534451_0094552.jpg,1
219,212,238,238,42,63,52,52,132,64,58,58,1677534451_1496267.jpg,1
218,212,239,239,43,62,52,52,133,63,57,57,1677534451_279716.jpg,1
219,208,240,240,43,67,49,49,131,66,56,56,1677534451_4237185.jpg,1
220,210,235,235,43,64,50,50,129,63,57,57,1677534451_5725732.jpg,1
220,208,238,238,43,64,50,50,130,64,57,57,1677534451_7140265.jpg,1
217,206,240,240,46,67,50,50,132,65,56,56,1677534451_8552463.jpg,1
220,208,234,234,46,66,50,50,130,65,55,55,1677534452_002943.jpg,1
222,210,229,229,44,66,50,50,128,65,54,54,1677534452_1591725.jpg,1
222,213,226,226,44,65,48,48,128,63,54,54,1677534452_3006687.jpg,1
224,215,231,231,46,65,49,49,129,63,52,52,1677534452_4566133.jpg,1
222,216,232,232,43,65,48,48,124,62,55,55,1677534452_6055145.jpg,1
224,220,227,227,43,63,49,49,126,61,55,55,1677534452_7463768.jpg,1
227,222,227,227,42,61,50,50,128,62,53,53,1677534452_8943715.jpg,1
225,223,236,236,45,64,49,49,130,65,54,54,1677534453_0368242.jpg,1
224,225,235,235,46,63,49,49,130,63,55,55,1677534453_1849627.jpg,1
226,229,228,228,41,60,49,49,125,59,57,57,1677534453_3336744.jpg,1
224,227,232,232,42,59,49,49,125,58,56,56,1677534453_4747777.jpg,1
223,226,235,235,41,63,50,50,126,63,56,56,1677534453_690767.jpg,1
206,219,245,245,42,65,53,53,138,67,61,61,1677534455_5522366.jpg,1
209,220,243,243,39,66,51,51,135,66,60,60,1677534455_7135303.jpg,1
212,225,235,235,38,60,51,51,133,62,59,59,1677534455_8564181.jpg,1
210,225,238,238,41,60,52,52,135,62,60,60,1677534456_008159.jpg,1
209,225,240,240,43,61,51,51,137,63,59,59,1677534456_1492097.jpg,1
213,228,239,239,38,57,51,51,132,60,61,61,1677534456_2917428.jpg,1
212,224,242,242,38,58,51,51,132,61,60,60,1677534456_425074.jpg,1
211,223,242,242,41,63,51,51,135,66,61,61,1677534456_574701.jpg,1
214,228,238,238,39,60,52,52,133,65,61,61,1677534456_7227542.jpg,1
212,226,240,240,41,60,50,50,134,63,60,60,1677534456_8790057.jpg,1
213,227,237,237,39,56,50,50,132,59,61,61,1677534457_0115838.jpg,1
215,229,238,238,37,57,50,50,130,60,60,60,1677534457_151573.jpg,1
214,227,240,240,39,59,51,51,131,63,59,59,1677534457_294421.jpg,1
215,235,234,234,39,57,51,51,134,60,61,61,1677534459_0717432.jpg,1
215,235,234,234,40,54,51,51,136,57,60,60,1677534459_3121681.jpg,1
218,233,235,235,38,56,51,51,131,60,61,61,1677534459_5044127.jpg,1
216,232,238,238,38,57,52,52,131,61,60,60,1677534459_7136588.jpg,1
217,234,235,235,39,57,50,50,132,60,61,61,1677534459_8869953.jpg,1
218,233,235,235,37,55,53,53,131,60,60,60,1677534460_080408.jpg,1
219,235,235,235,37,54,51,51,132,57,60,60,1677534460_3039236.jpg,1
216,233,237,237,38,56,52,52,132,60,60,60,1677534460_639708.jpg,1
217,231,239,239,38,56,52,52,132,60,60,60,1677534461_1990926.jpg,1
219,224,241,241,42,60,53,53,138,63,61,61,1677534462_6562872.jpg,1
214,221,244,244,44,63,53,53,140,68,58,58,1677534463_1040852.jpg,1
244,224,239,239,34,62,67,67,149,69,53,53,1677534468_4332213.jpg,2
247,226,235,235,31,60,66,66,149,68,52,52,1677534468_589825.jpg,2
244,231,230,230,36,57,68,68,152,65,53,53,1677534468_7380214.jpg,2
242,225,237,237,38,65,63,63,150,68,54,54,1677534468_9931753.jpg,2
243,228,237,237,35,61,66,66,148,64,55,55,1677534469_247936.jpg,2
245,228,237,237,34,62,66,66,147,66,54,54,1677534469_3767722.jpg,2
243,233,230,230,40,66,64,64,155,69,52,52,1677534469_5240471.jpg,2
236,227,239,239,42,66,67,67,154,70,53,53,1677534469_6650448.jpg,2
241,226,234,234,39,67,65,65,150,72,51,51,1677534469_8075025.jpg,2
237,230,233,233,42,64,64,64,155,69,51,51,1677534469_9419422.jpg,2
246,241,227,227,38,60,62,62,147,62,54,54,1677534470_506282.jpg,2
251,241,225,225,33,56,63,63,144,61,51,51,1677534470_6377113.jpg,2
248,238,226,226,37,60,62,62,148,64,51,51,1677534470_7753017.jpg,2
251,240,222,222,35,57,64,64,145,62,51,51,1677534470_9239755.jpg,2
239,228,237,237,45,69,64,64,156,75,51,51,1677534471_072735.jpg,2
246,247,221,221,39,55,63,63,146,58,56,56,1677534472_0651395.jpg,2
253,251,213,213,31,51,65,65,139,55,55,55,1677534472_8177767.jpg,2
242,242,221,221,37,57,65,65,147,59,55,55,1677534472_966054.jpg,2
234,230,231,231,34,58,64,64,146,62,54,54,1677534473_4060667.jpg,2
225,221,244,244,38,65,65,65,149,70,55,55,1677534473_5438936.jpg,2
226,222,242,242,39,61,63,63,150,64,56,56,1677534473_6964376.jpg,2
223,213,247,247,36,65,66,66,150,71,53,53,1677534473_8430796.jpg,2
210,206,255,255,45,69,66,66,159,74,53,53,1677534473_9987872.jpg,2
210,204,257,257,44,71,65,65,158,75,55,55,1677534474_1420577.jpg,2
209,202,257,257,45,72,65,65,157,74,55,55,1677534474_2903218.jpg,2
209,202,257,257,47,74,64,64,158,74,55,55,1677534474_4308631.jpg,2
218,210,251,251,37,69,64,64,148,66,55,55,1677534474_5741773.jpg,2
212,205,255,255,44,75,62,62,155,72,53,53,1677534474_722567.jpg,2
215,210,247,247,39,70,63,63,151,67,56,56,1677534474_8645234.jpg,2
220,212,244,244,36,69,62,62,147,67,53,53,1677534475_005874.jpg,2
216,211,252,252,40,72,62,62,150,70,55,55,1677534475_1367352.jpg,2
214,212,246,246,39,68,65,65,152,69,53,53,1677534475_2807324.jpg,2
208,206,253,253,39,69,64,64,152,68,56,56,1677534475_4087658.jpg,2
211,204,252,252,39,71,65,65,154,72,56,56,1677534475_549256.jpg,2
207,202,255,255,38,69,66,66,151,68,58,58,1677534475_667712.jpg,2
206,201,257,257,41,71,66,66,154,72,57,57,1677534475_792233.jpg,2
206,198,258,258,43,74,63,63,155,75,55,55,1677534475_9364135.jpg,2
203,196,263,263,49,76,65,65,160,77,57,57,1677534476_0865417.jpg,2
202,196,264,264,45,73,64,64,156,77,55,55,1677534476_226028.jpg,2
204,197,262,262,46,75,64,64,155,77,57,57,1677534476_3624752.jpg,2
201,198,260,260,43,71,65,65,149,72,62,62,1677534476_5117824.jpg,2
202,201,256,256,40,69,64,64,149,72,60,60,1677534476_6555731.jpg,2
197,198,260,260,45,72,63,63,149,74,61,61,1677534476_7837207.jpg,2
195,198,262,262,44,70,62,62,150,76,60,60,1677534476_9108093.jpg,2
194,201,257,257,44,66,64,64,146,74,60,60,1677534477_0438116.jpg,2
192,201,258,258,48,66,63,63,150,75,60,60,1677534477_262847.jpg,2
196,207,255,255,45,64,62,62,148,71,58,58,1677534478_7973955.jpg,2
199,208,251,251,44,63,63,63,147,71,59,59,1677534478_926148.jpg,2
199,206,254,254,46,64,64,64,149,72,59,59,1677534479_0860765.jpg,2
198,198,263,263,46,67,63,63,147,75,58,58,1677534479_231256.jpg,2
197,195,262,262,48,63,65,65,149,71,61,61,1677534479_359829.jpg,2
195,193,264,264,50,68,66,66,157,79,55,55,1677534479_5026987.jpg,2
198,189,266,266,51,67,67,67,155,78,60,60,1677534479_6447442.jpg,2
201,190,260,260,47,66,67,67,152,76,59,59,1677534479_7844043.jpg,2
201,187,264,264,50,70,67,67,155,80,58,58,1677534479_9182332.jpg,2
200,188,266,266,50,70,67,67,156,80,60,60,1677534480_0693316.jpg,2
205,199,261,261,46,65,67,67,153,75,59,59,1677534480_1946743.jpg,2
206,202,263,263,45,69,66,66,154,80,58,58,1677534480_3522394.jpg,2
208,209,255,255,40,61,65,65,147,70,59,59,1677534480_494399.jpg,2
211,216,249,249,40,63,63,63,152,72,57,57,1677534480_623653.jpg,2
212,221,243,243,39,61,67,67,150,71,58,58,1677534480_7764595.jpg,2
225,242,224,224,34,56,65,65,147,62,57,57,1677534484_277527.jpg,2
203,217,244,244,32,60,70,70,147,67,60,60,1677534487_3136575.jpg,2
197,211,251,251,37,68,67,67,153,73,59,59,1677534487_5831044.jpg,2
193,208,255,255,36,69,68,68,154,74,58,58,1677534487_9037204.jpg,2
189,216,245,245,38,62,69,69,157,67,58,58,1677534488_031807.jpg,2
191,214,250,250,35,65,68,68,156,70,58,58,1677534488_1606545.jpg,2
196,217,242,242,32,62,69,69,152,66,58,58,1677534488_302468.jpg,2
194,212,246,246,36,67,68,68,153,70,60,60,1677534488_4220357.jpg,2
206,218,237,237,26,64,68,68,144,66,58,58,1677534488_6070192.jpg,2
206,220,239,239,27,62,69,69,146,65,58,58,1677534488_7495341.jpg,2
202,217,246,246,39,71,67,67,156,74,55,55,1677534489_2999842.jpg,2
212,228,237,237,32,65,65,65,149,66,56,56,1677534491_4549994.jpg,2
199,211,250,250,37,68,71,71,158,73,56,56,1677534491_951447.jpg,2
202,209,249,249,37,71,67,67,153,74,56,56,1677534492_1309907.jpg,2
197,205,257,257,41,70,68,68,158,74,58,58,1677534492_3528972.jpg,2
198,209,255,255,38,67,68,68,154,72,55,55,1677534492_7660701.jpg,2
198,206,258,258,39,71,66,66,153,76,57,57,1677534492_9309316.jpg,2
192,204,262,262,40,75,67,67,154,78,58,58,1677534493_1201596.jpg,2
195,210,246,246,37,73,66,66,150,75,59,59,1677534493_2816215.jpg,2
193,215,246,246,33,66,68,68,149,69,60,60,1677534493_439995.jpg,2
196,215,245,245,31,64,68,68,148,67,58,58,1677534493_599562.jpg,2
193,210,248,248,35,69,67,67,151,73,58,58,1677534493_7599595.jpg,2
193,206,259,259,38,72,69,69,154,78,57,57,1677534493_9184213.jpg,2
199,209,253,253,37,70,66,66,151,74,58,58,1677534494_1031163.jpg,2
195,205,262,262,42,73,67,67,157,79,55,55,1677534494_3228693.jpg,2
194,204,262,262,45,72,65,65,159,77,57,57,1677534494_7212608.jpg,2
196,201,257,257,45,71,66,66,158,76,57,57,1677534495_070939.jpg,2
197,201,258,258,44,69,67,67,158,76,56,56,1677534495_3904877.jpg,2
198,201,258,258,42,70,66,66,155,75,56,56,1677534495_937058.jpg,2
197,197,264,264,44,74,65,65,157,79,57,57,1677534496_1106558.jpg,2
198,199,259,259,41,70,68,68,156,76,58,58,1677534496_2723541.jpg,2
199,199,261,261,41,70,68,68,156,77,58,58,1677534496_4495175.jpg,2
195,200,260,260,42,68,68,68,157,76,57,57,1677534496_6542814.jpg,2
200,204,254,254,40,67,68,68,154,74,57,57,1677534496_8484194.jpg,2
194,200,263,263,44,71,65,65,155,76,60,60,1677534497_069538.jpg,2
195,202,259,259,42,69,66,66,156,75,59,59,1677534497_3111324.jpg,2
195,202,258,258,41,69,67,67,155,76,57,57,1677534497_5337777.jpg,2
196,203,260,260,41,67,69,69,153,76,58,58,1677534499_0114253.jpg,2
200,204,257,257,43,70,67,67,155,77,59,59,1677534499_18566.jpg,2
196,202,259,259,43,69,68,68,157,78,58,58,1677534499_3607414.jpg,2
195,199,263,263,44,73,67,67,155,79,58,58,1677534499_5190246.jpg,2
194,198,266,266,45,75,66,66,158,80,58,58,1677534499_662957.jpg,2
200,204,256,256,37,66,68,68,153,75,57,57,1677534499_8235884.jpg,2
199,203,259,259,39,68,68,68,153,75,59,59,1677534499_9695992.jpg,2
199,204,255,255,40,72,66,66,153,79,58,58,1677534500_114176.jpg,2
197,203,261,261,40,70,68,68,153,76,59,59,1677534500_2617996.jpg,2
193,200,264,264,44,70,67,67,158,78,60,60,1677534500_4166052.jpg,2
197,201,259,259,43,70,64,64,152,76,60,60,1677534500_559857.jpg,2
196,203,261,261,43,66,68,68,155,76,58,58,1677534500_7089028.jpg,2
197,203,260,260,41,68,67,67,153,78,57,57,1677534500_8428092.jpg,2
200,204,254,254,42,69,66,66,155,77,56,56,1677534501_0115917.jpg,2
198,203,257,257,40,68,66,66,154,79,56,56,1677534501_1527708.jpg,2
199,205,255,255,40,66,65,65,154,75,57,57,1677534501_3112195.jpg,2
200,204,255,255,40,67,67,67,152,75,59,59,1677534501_4715493.jpg,2
199,204,259,259,40,66,68,68,154,77,58,58,1677534501_5992672.jpg,2
198,204,258,258,42,69,67,67,154,78,58,58,1677534501_7623744.jpg,2
196,203,259,259,41,68,66,66,152,76,59,59,1677534501_9058557.jpg,2
198,202,258,258,41,65,68,68,156,77,58,58,1677534502_1290455.jpg,2
193,194,268,268,48,69,68,68,160,82,57,57,1677534502_7672987.jpg,2
195,196,267,267,47,67,69,69,159,79,58,58,1677534503_1226428.jpg,2
200,203,260,260,43,66,66,66,156,76,58,58,1677534504_926682.jpg,2
195,195,269,269,42,65,70,70,157,77,59,59,1677534505_4736798.jpg,2
198,196,269,269,48,72,65,65,158,82,57,57,1677534506_495726.jpg,2
198,196,267,267,46,68,67,67,159,80,58,58,1677534508_0647004.jpg,2
205,197,266,266,47,82,55,55,147,75,71,71,1677534514_5205853.jpg,3
208,199,265,265,46,79,56,56,146,73,69,69,1677534514_6443408.jpg,3
217,208,255,255,37,71,57,57,136,67,66,66,1677534514_7756076.jpg,3
235,226,243,243,40,69,54,54,140,69,63,63,1677534518_3191657.jpg,3
241,214,250,250,39,67,58,58,141,66,63,63,1677534519_7133043.jpg,3
240,206,255,255,40,71,58,58,142,71,62,62,1677534519_8772614.jpg,3
242,209,253,253,39,66,61,61,144,68,62,62,1677534520_1089761.jpg,3
242,207,255,255,38,69,62,62,144,71,62,62,1677534520_2584457.jpg,3
240,213,252,252,39,65,60,60,143,65,63,63,1677534520_4426248.jpg,3
240,210,254,254,39,69,60,60,143,69,62,62,1677534520_5980332.jpg,3
239,209,255,255,38,68,63,63,145,69,63,63,1677534520_740743.jpg,3
239,209,254,254,37,66,60,60,141,65,64,64,1677534520_957954.jpg,3
237,210,258,258,41,68,61,61,148,71,60,60,1677534521_2798815.jpg,3
239,211,256,256,38,69,61,61,145,69,62,62,1677534521_4386256.jpg,3
241,215,251,251,38,64,61,61,145,65,62,62,1677534521_5828052.jpg,3
242,215,249,249,39,66,60,60,147,67,61,61,1677534521_7280629.jpg,3
243,214,251,251,36,65,61,61,142,64,63,63,1677534521_854792.jpg,3
237,203,258,258,38,72,60,60,143,73,61,61,1677534522_0349302.jpg,3
234,206,261,261,44,74,60,60,151,75,61,61,1677534522_195883.jpg,3
236,208,257,257,43,70,61,61,149,72,60,60,1677534522_344792.jpg,3
236,208,258,258,42,70,60,60,146,71,61,61,1677534522_4643927.jpg,3
241,210,253,253,42,70,62,62,148,72,61,61,1677534522_5775049.jpg,3
241,207,257,257,38,68,63,63,143,68,65,65,1677534522_6769483.jpg,3
241,203,261,261,41,70,63,63,147,72,62,62,1677534522_9458334.jpg,3
242,199,262,262,40,72,64,64,148,75,62,62,1677534523_152958.jpg,3
245,199,259,259,38,73,62,62,145,75,64,64,1677534523_3744779.jpg,3
245,198,262,262,38,74,62,62,144,76,62,62,1677534523_6969888.jpg,3
245,201,260,260,38,71,63,63,144,75,61,61,1677534523_853503.jpg,3
246,202,260,260,38,71,61,61,144,73,62,62,1677534523_9998581.jpg,3
247,201,259,259,37,70,62,62,143,72,62,62,1677534524_1404028.jpg,3
251,203,259,259,36,71,61,61,144,74,60,60,1677534524_2844474.jpg,3
245,198,264,264,40,73,64,64,146,77,63,63,1677534524_416395.jpg,3
248,200,261,261,40,73,63,63,147,77,61,61,1677534524_5602257.jpg,3
249,203,260,260,37,71,62,62,142,72,64,64,1677534524_712972.jpg,3
248,203,259,259,38,71,61,61,143,74,61,61,1677534524_8620732.jpg,3
250,205,255,255,36,70,60,60,141,72,62,62,1677534525_0107095.jpg,3
250,204,256,256,34,65,64,64,143,69,62,62,1677534525_1512122.jpg,3
245,197,265,265,41,73,63,63,148,77,62,62,1677534525_2943373.jpg,3
244,195,265,265,42,74,63,63,150,78,63,63,1677534525_4273617.jpg,3
243,193,270,270,43,78,61,61,151,81,60,60,1677534525_6460326.jpg,3
241,191,273,273,41,75,63,63,147,78,63,63,1677534525_8529506.jpg,3
241,191,272,272,46,80,61,61,151,82,62,62,1677534526_0328197.jpg,3
244,194,265,265,41,76,62,62,149,81,60,60,1677534526_2559211.jpg,3
244,199,264,264,44,74,63,63,153,81,59,59,1677534526_6782098.jpg,3
248,203,260,260,39,70,65,65,147,77,62,62,1677534526_8318927.jpg,3
247,203,261,261,38,70,64,64,147,76,60,60,1677534526_9818099.jpg,3
249,208,257,257,42,68,62,62,150,75,58,58,1677534527_133779.jpg,3
252,209,254,254,39,69,61,61,147,75,57,57,1677534527_281173.jpg,3
254,211,253,253,34,66,63,63,143,73,60,60,1677534527_429374.jpg,3
252,211,255,255,35,66,63,63,144,73,60,60,1677534527_5693774.jpg,3
254,214,250,250,36,65,60,60,145,70,58,58,1677534527_7203972.jpg,3
249,206,259,259,36,66,62,62,147,73,58,58,1677534527_8713322.jpg,3
246,205,261,261,40,75,62,62,148,81,59,59,1677534528_0307722.jpg,3
250,207,258,258,40,72,63,63,148,77,60,60,1677534528_1764388.jpg,3
251,211,255,255,38,69,61,61,147,74,60,60,1677534528_3291059.jpg,3
253,215,252,252,39,69,61,61,146,74,61,61,1677534528_462882.jpg,3
253,214,254,254,35,66,62,62,145,71,60,60,1677534528_605814.jpg,3
253,217,247,247,41,68,61,61,151,74,61,61,1677534528_7313175.jpg,3
249,212,254,254,36,64,63,63,147,72,58,58,1677534528_822838.jpg,3
252,220,249,249,39,64,64,64,148,70,63,63,1677534528_9450197.jpg,3
261,223,246,246,36,64,61,61,145,70,60,60,1677534529_079691.jpg,3
266,240,227,227,32,54,59,59,142,61,58,58,1677534529_2497633.jpg,3
268,238,227,227,32,62,56,56,142,66,57,57,1677534529_5677638.jpg,3
268,239,231,231,34,63,56,56,141,69,57,57,1677534529_7154436.jpg,3
266,239,229,229,35,61,58,58,141,69,57,57,1677534530_061564.jpg,3
266,241,228,228,35,60,55,55,139,65,58,58,1677534530_2234583.jpg,3
265,240,229,229,34,60,57,57,139,66,57,57,1677534530_4580605.jpg,3
267,238,229,229,36,58,56,56,141,64,56,56,1677534530_6100373.jpg,3
263,234,235,235,28,55,57,57,131,59,59,59,1677534530_7527928.jpg,3
260,234,237,237,36,61,55,55,138,64,58,58,1677534530_9100819.jpg,3
259,233,233,233,38,62,57,57,139,67,59,59,1677534531_0545998.jpg,3
256,231,237,237,36,59,57,57,136,62,59,59,1677534531_2130558.jpg,3
253,223,242,242,39,63,57,57,136,63,64,64,1677534531_358894.jpg,3
253,219,245,245,38,63,59,59,135,65,63,63,1677534531_523163.jpg,3
252,217,244,244,39,66,57,57,136,67,62,62,1677534531_6820285.jpg,3
247,211,252,252,43,70,58,58,140,73,59,59,1677534531_8379195.jpg,3
248,214,249,249,41,66,58,58,139,69,59,59,1677534532_0008233.jpg,3
246,209,255,255,43,70,58,58,140,73,60,60,1677534532_1578934.jpg,3
245,209,253,253,45,69,57,57,139,69,63,63,1677534532_317995.jpg,3
243,204,258,258,46,72,58,58,144,72,62,62,1677534532_4490166.jpg,3
247,204,253,253,43,70,59,59,140,72,61,61,1677534532_6137123.jpg,3
246,201,256,256,45,73,57,57,140,73,61,61,1677534532_753394.jpg,3
246,202,253,253,46,72,57,57,142,74,60,60,1677534532_8799324.jpg,3
244,199,256,256,47,71,58,58,143,73,62,62,1677534533_0112827.jpg,3
245,199,256,256,45,72,56,56,138,72,62,62,1677534533_144208.jpg,3
242,196,260,260,49,75,55,55,144,76,60,60,1677534533_3599534.jpg,3
242,197,260,260,49,74,57,57,144,75,61,61,1677534533_487967.jpg,3
245,197,256,256,46,71,58,58,142,75,58,58,1677534533_967256.jpg,3
246,196,255,255,45,72,58,58,138,74,61,61,1677534534_1430798.jpg,3
242,195,259,259,49,74,58,58,143,75,61,61,1677534534_3528824.jpg,3
243,197,257,257,49,75,53,53,142,75,59,59,1677534534_7097204.jpg,3
245,199,254,254,44,71,57,57,140,74,58,58,1677534534_943182.jpg,3
243,201,255,255,45,72,57,57,139,72,62,62,1677534536_5442097.jpg,3
243,204,251,251,45,71,56,56,139,72,61,61,1677534536_7381184.jpg,3
243,203,252,252,45,70,56,56,137,71,62,62,1677534536_9224913.jpg,3
242,204,252,252,45,70,56,56,139,71,60,60,1677534537_0865993.jpg,3
241,204,255,255,45,70,56,56,139,71,61,61,1677534537_2479868.jpg,3
241,204,252,252,45,69,56,56,140,70,62,62,1677534537_3930938.jpg,3
242,204,253,253,45,69,57,57,138,70,62,62,1677534537_5513475.jpg,3
242,204,254,254,44,71,58,58,137,72,61,61,1677534537_6987267.jpg,3
239,204,254,254,47,72,55,55,139,74,59,59,1677534537_8391845.jpg,3
239,205,254,254,47,71,55,55,141,73,59,59,1677534537_995766.jpg,3
239,204,256,256,46,71,56,56,140,74,59,59,1677534538_1464512.jpg,3
240,204,254,254,46,72,55,55,140,75,57,57,1677534538_300895.jpg,3
240,205,253,253,46,73,54,54,140,73,60,60,1677534538_4471242.jpg,3
239,205,253,253,47,71,55,55,139,72,60,60,1677534538_605826.jpg,3
240,205,254,254,46,70,56,56,140,72,62,62,1677534538_7468438.jpg,3
238,205,253,253,48,71,54,54,142,73,59,59,1677534538_9759805.jpg,3
237,205,256,256,50,73,54,54,140,73,60,60,1677534539_599644.jpg,3
235,207,252,252,50,69,57,57,141,70,61,61,1677534539_7597282.jpg,3
235,204,255,255,51,73,53,53,142,75,57,57,1677534539_905134.jpg,3
236,205,253,253,46,72,55,55,138,73,60,60,1677534540_0480561.jpg,3
236,205,254,254,49,72,55,55,142,74,60,60,1677534540_2728436.jpg,3
255,196,260,260,46,74,59,59,147,78,56,56,1677534541_9840286.jpg,3
256,201,255,255,42,69,62,62,142,73,60,60,1677534542_147755.jpg,3
256,203,254,254,39,67,62,62,139,70,60,60,1677534542_3348148.jpg,3
258,203,254,254,40,70,59,59,140,72,59,59,1677534542_515278.jpg,3
258,205,251,251,43,69,59,59,141,72,60,60,1677534542_718909.jpg,3
257,202,255,255,42,71,57,57,142,73,58,58,1677534542_943003.jpg,3
258,204,255,255,41,68,59,59,140,73,58,58,1677534544_4654272.jpg,3
258,201,256,256,41,72,58,58,139,73,61,61,1677534544_9454708.jpg,3
257,203,255,255,42,69,58,58,141,73,58,58,1677534545_3291771.jpg,3
256,203,256,256,41,69,60,60,142,73,59,59,1677534545_9049523.jpg,3
254,204,253,253,43,69,59,59,140,71,60,60,1677534547_423924.jpg,3
185,204,259,259,40,71,59,59,142,71,66,66,1677534773_2639432.jpg,3
